url,question,reference_answer
https://trustarts.org/pct_home/support/planned-giving/for-professional-advisors,Who is Pittsburgh named after?,William Pitt
https://trustarts.org/pct_home/support/planned-giving/for-professional-advisors,What year was Carnegie Mellon University founded?,1900
https://trustarts.org/pct_home/support/planned-giving/for-professional-advisors,Which bridge in Pittsburgh is famously yellow?,Roberto Clemente Bridge
https://trustarts.org/pct_home/support/planned-giving/for-professional-advisors,Which famous AI professor at CMU co-founded Duolingo?,Luis von Ahn
https://trustarts.org/pct_home/support/planned-giving/for-professional-advisors,Who hosts the Burgh Bus comedy tour in Pittsburgh?,Matt Light.
https://trustarts.org/pct_home/support/planned-giving/for-professional-advisors,What is the main location of the Pittsburgh Cultural Trust?,"803 Liberty Avenue, Pittsburgh, PA 15222"
https://trustarts.org/pct_home/support/planned-giving/for-professional-advisors,Who is the president of the Pittsburgh Cultural Trust?,Not mentioned in the document
https://trustarts.org/pct_home/support/planned-giving/for-professional-advisors,What is the name of the planned giving team at the Pittsburgh Cultural Trust?,Not mentioned in the document
https://trustarts.org/pct_home/support/planned-giving/for-professional-advisors,What is the federal tax ID number of the Pittsburgh Cultural Trust?,Please contact us for our federal tax ID number.
https://trustarts.org/pct_home/support/planned-giving/for-professional-advisors,How can a donor illustrate their gifts to the Pittsburgh Cultural Trust?,with our Gift Illustrator tool.
https://www.visitpittsburgh.com/blog/guide-to-football-in-pittsburgh,What is the name of the museum that showcases 90 years of Steelers history?,Steelers Hall of Honor Museum
https://www.visitpittsburgh.com/blog/guide-to-football-in-pittsburgh,What is the name of the stadium where the Steelers play?,Acrisure Stadium
https://www.visitpittsburgh.com/blog/guide-to-football-in-pittsburgh,Who is the famous baseball player whose museum is housed in a historic firehouse in Pittsburgh?,Roberto Clemente
https://www.visitpittsburgh.com/blog/guide-to-football-in-pittsburgh,What is the name of the brewery that offers a behind-the-scenes tour in Pittsburgh?,Pittsburgh Brewing Co.
https://www.visitpittsburgh.com/blog/guide-to-football-in-pittsburgh,What is the name of the trail that allows you to explore a unique neighborhood and sample six of your favorite brews in Pittsburgh?,North Shore Trail
https://pjcbignosh.com,Where is the Big Nosh Jewish Food Festival located in Pittsburgh?,"Congregation Beth Shalom (5915 Beacon Street, Pittsburgh, PA 15217)"
https://pjcbignosh.com,What is the name of the hotel partner for the Big Nosh Jewish Food Festival?,The Maverick Hotel by Kasa
https://pjcbignosh.com,Who is the founder of the Pittsburgh Jewish Chronicle?,Unknown
https://pjcbignosh.com,What is the name of the largest celebration of Jewish and Israeli food and culture in the region?,Big Nosh Jewish food festival
https://pjcbignosh.com,What is the name of the organization that provides seed funding for the Big Nosh?,The Steel Tree Fund of the Jewish Federation of Greater Pittsburgh
https://carnegiemuseums.org/plan-a-visit/visitor-conduct-policy,What is the name of the river that runs through Pittsburgh?,Allegheny River
https://carnegiemuseums.org/plan-a-visit/visitor-conduct-policy,Which museum is not part of the Carnegie Museums of Pittsburgh?,The Mattress Factory
https://carnegiemuseums.org/plan-a-visit/visitor-conduct-policy,What is the name of the university that hosts the Carnegie Mellon School of Drama?,Carnegie Mellon University
https://carnegiemuseums.org/plan-a-visit/visitor-conduct-policy,Who is the founder of the Carnegie Museums of Pittsburgh?,Andrew Carnegie
https://carnegiemuseums.org/plan-a-visit/visitor-conduct-policy,What is the name of the CMU campus that is located in Oakland?,Carnegie Mellon University campus in Oakland
https://www.steelers.com/legal/accessibility,What is the name of the accessibility consultant that the Steelers have engaged to improve their website accessibility?,National Center for Accessible Media at WGBH
https://www.steelers.com/legal/accessibility,What is the name of the website accessibility guidelines that the Steelers are committed to following?,World Wide Web Consortium's Web Content Accessibility Guidelines 2.1 at Levels A and AA
https://www.steelers.com/legal/accessibility,What is the name of the Pittsburgh Steelers' official mobile app?,Steelers Official Mobile App
https://www.steelers.com/legal/accessibility,What is the name of the stadium where the Pittsburgh Steelers play their home games?,Acrisure Stadium
https://www.steelers.com/legal/accessibility,What is the name of the Pittsburgh Steelers' community program that provides football camps for youth?,Youth High School Football Showcase
https://www.cmu.edu/visit/welcome-center.html,What is the address of Carnegie Mellon University?,"5000 Forbes Avenue, Pittsburgh, PA 15213"
https://www.cmu.edu/visit/welcome-center.html,What is the name of the bridge in Pittsburgh that is famously yellow?,Roberto Clemente Bridge
https://www.cmu.edu/visit/welcome-center.html,What is the name of the professor at CMU who co-founded Duolingo?,Luis von Ahn
https://www.cmu.edu/visit/welcome-center.html,What is the name of the comedy tour in Pittsburgh that is hosted by Matt Light?,Burgh Bus
https://www.cmu.edu/visit/welcome-center.html,In what year was Carnegie Mellon University founded?,1900
https://bananasplitfest.com/events/princess-pageant,What is the name of the pageant that offers a full ride scholarship to Challenge Camp at Saint Vincent College?,Banana Split Princess Pageant
https://bananasplitfest.com/events/princess-pageant,What is the name of the college where Challenge Camp is held?,Saint Vincent College
https://bananasplitfest.com/events/princess-pageant,What is the name of the city where the Banana Split Princess Pageant is held?,Latrobe
https://bananasplitfest.com/events/princess-pageant,What is the name of the organization that hosts the Banana Split Festival?,Greater Latrobe-Laurel Valley Regional Chamber of Commerce
https://bananasplitfest.com/events/princess-pageant,"What is the name of the event that takes place on May 4, 2025?",Banana Split Princess Pageant
https://pittsburgh.events/shows,What is the name of the famous museum in Pittsburgh that speaks to its history as an early-20th-century industrial capital?,The Carnegie Museum of Natural History
https://pittsburgh.events/shows,Who is the famous figure related to CMU that co-founded Duolingo?,Luis von Ahn
https://pittsburgh.events/shows,What is the name of the baseball stadium in Pittsburgh that is considered one of the best in the country?,PNC Park
https://pittsburgh.events/shows,What is the name of the famous comedy club in Pittsburgh where Arnez J performed?,Pittsburgh Improv
https://pittsburgh.events/shows,What is the name of the famous musical that will be performed at the Byham Theater in April?,Jesus Christ Superstar
https://carnegiemuseums.org/carnegie-magazine/bringing-ancient-egypt-alive,What is the name of the funerary boat that Mostafa Sherif is conserving at the Carnegie Museum of Natural History?,The Dahshur boat
https://carnegiemuseums.org/carnegie-magazine/bringing-ancient-egypt-alive,What is the name of the exhibition that the Dahshur boat will be a part of at the Carnegie Museum of Natural History?,Egypt on the Nile
https://carnegiemuseums.org/carnegie-magazine/bringing-ancient-egypt-alive,What is the name of the conservator at the Carnegie Museum of Natural History who is working on the funerary boat?,Mostafa Sherif
https://carnegiemuseums.org/carnegie-magazine/bringing-ancient-egypt-alive,What is the name of the museum where Mostafa Sherif previously worked before joining the Carnegie Museum of Natural History?,National Museum of Egyptian Civilization
https://carnegiemuseums.org/carnegie-magazine/bringing-ancient-egypt-alive,What is the name of the university where Mostafa Sherif earned his doctorate degree in structural conservation of historical wood?,Cairo University
https://trustarts.org/pct_home/engagement/lullaby-project,When was the Pittsburgh Cultural Trust's Lullaby Project first launched?,2024
https://trustarts.org/pct_home/engagement/lullaby-project,How many cohorts of the Lullaby Project will be hosted by the Pittsburgh Cultural Trust in the first year?,2
https://trustarts.org/pct_home/engagement/lullaby-project,What is the name of the music school founded by Sean Baker?,Baker Music School
https://trustarts.org/pct_home/engagement/lullaby-project,What is the name of the program of Carnegie Hall's Weill Music Institute that the Pittsburgh Cultural Trust's Lullaby Project is a part of?,The Lullaby Project
https://trustarts.org/pct_home/engagement/lullaby-project,How many families will be served by the Lullaby Project in each cohort?,10
https://www.pghcitypaper.com/category/drink-1380413,What is the name of the bar in Pittsburgh that combines a dog park and a bar?,The Dog Penn
https://www.pghcitypaper.com/category/drink-1380413,What is the name of the brewery that offers a 90-beer neighborhood run?,East End Brewing
https://www.pghcitypaper.com/category/drink-1380413,In which year was the speakeasy born in Pittsburgh?,a century ago
https://www.pghcitypaper.com/category/drink-1380413,What is the name of the local publication that features articles about Pittsburgh's bar and liquor scene?,Pittsburgh City Paper
https://www.pghcitypaper.com/category/drink-1380413,What is the name of the event that the owner of Le Mardi Gras celebrated for the 50th time?,Fat Tuesday
https://www.britannica.com/place/ohio-state,Who is credited with the founding of the Western Reserve in Ohio?,New Englanders from Connecticut
https://www.britannica.com/place/ohio-state,What percentage of Ohio's population is of white European ancestry?,More than four-fifths
https://www.britannica.com/place/ohio-state,What is the name of the state wildflower of Ohio?,White trillium
https://www.britannica.com/place/ohio-state,Which of Ohio's cities is known for being the most ethnically diverse?,Cleveland
https://www.britannica.com/place/ohio-state,What is the name of the university that was founded in 1900 in Pittsburgh?,Carnegie Mellon University
https://downtownpittsburgh.com/events/event?id=62427,What is the name of the bar in Pittsburgh that hosts the ABBA cover band 'The Neon Queen'?,Mamma Mia Bar
https://downtownpittsburgh.com/events/event?id=62427,In which year did the Mamma Mia Bar of Pittsburgh run?,2025
https://downtownpittsburgh.com/events/event?id=62427,What is the name of the development project in Pittsburgh that includes the Mamma Mia Bar?,Paris to Pittsburgh
https://downtownpittsburgh.com/events/event?id=62427,Where is the Pittsburgh Downtown Partnership located?,The Bank Tower 307 Fourth Avenue – Floor 2
https://downtownpittsburgh.com/events/event?id=62427,What is the name of the organization that manages the Downtown Pittsburgh area?,Pittsburgh Downtown Partnership
https://www.pghcitypaper.com/pittsburgh/citypaperevents/page,What is the name of the annual issue of Pittsburgh City Paper that recognizes individuals who have made a profound impact on their communities?,People of the Year
https://www.pghcitypaper.com/pittsburgh/citypaperevents/page,What is the name of the feminist journey through the seedy streets of 1910s Pittsburgh that is mentioned in an article by David S. Rotenstein?,The Market Women of Diamond Square
https://www.pghcitypaper.com/pittsburgh/citypaperevents/page,What is the name of the astrologer who writes the Free Will Astrology column for Pittsburgh City Paper?,Rob Brezsny
https://www.pghcitypaper.com/pittsburgh/citypaperevents/page,What is the name of the Pittsburgh-based university that was founded in 1900?,Carnegie Mellon University
https://www.pghcitypaper.com/pittsburgh/citypaperevents/page,What is the name of the popular event in Pittsburgh that takes place every year to recognize locals who have made a profound impact on their communities?,Best Of Pgh
https://www.visitpittsburgh.com/events-festivals/holidays,In what year does the Peoples Gas Holiday Market™ start in 2024?,Nov. 22
https://www.visitpittsburgh.com/events-festivals/holidays,What is the name of the Pittsburgh University that hosts the Nationality Rooms Holiday Open House?,University of Pittsburgh
https://www.visitpittsburgh.com/events-festivals/holidays,What is the name of the event that features a walk-through and drive-through experience with colossal Christmas-themed lanterns?,Wild Illuminations: A Holiday Lantern Experience
https://www.visitpittsburgh.com/events-festivals/holidays,In what year was the UPMC Rink at PPG Place opened?,2001
https://www.visitpittsburgh.com/events-festivals/holidays,What is the name of the event that takes place in the Cultural District with a variety of family-friendly activities and fireworks?,Highmark First Night Pittsburgh
https://www.steelers.com/news/asked-and-answered-march-4-x0549,What is the name of the city in Pennsylvania where Carnegie Mellon University is located?,Pittsburgh
https://www.steelers.com/news/asked-and-answered-march-4-x0549,What is the name of the famous football team based in Pittsburgh?,Steelers
https://www.steelers.com/news/asked-and-answered-march-4-x0549,Who is the head coach of the Pittsburgh Steelers?,Mike Tomlin
https://www.steelers.com/news/asked-and-answered-march-4-x0549,"What is the name of the university that is home to the School of Computer Science, which has produced many notable AI researchers and has a strong reputation for AI research?",Carnegie Mellon University
https://www.steelers.com/news/asked-and-answered-march-4-x0549,"What is the name of the famous museum located in Oakland, Pittsburgh, that is part of the Carnegie Mellon University campus?",The Carnegie Museum of Natural History
https://www.mlb.com/dbacks,What is the name of the baseball team that plays at Chase Field in Pittsburgh?,Arizona Diamondbacks
https://www.mlb.com/dbacks,What is the name of the university where the famous AI professor Luis von Ahn works?,Carnegie Mellon University
https://www.mlb.com/dbacks,What is the name of the street where the Roberto Clemente Bridge is located in Pittsburgh?,Sixth Street
https://www.mlb.com/dbacks,What is the name of the event that the Arizona Diamondbacks team hosts in Pittsburgh?,Paint at the Park
https://www.mlb.com/dbacks,What is the name of the baseball team that is based in Pittsburgh and plays in the National League?,Pittsburgh Pirates
https://www.pghcitypaper.com/pittsburgh/carnegie-mellon-guitar-ensemble/Event?oid=26672614,What is the name of the theater where the Carnegie Mellon Guitar Ensemble performs?,Kresge Theater
https://www.pghcitypaper.com/pittsburgh/carnegie-mellon-guitar-ensemble/Event?oid=26672614,What is the name of the director of the Carnegie Mellon Guitar Ensemble?,John Marcinizyn
https://www.pghcitypaper.com/pittsburgh/carnegie-mellon-guitar-ensemble/Event?oid=26672614,What is the name of the program presented by the Carnegie Mellon Guitar Ensemble?,TBA
https://www.pghcitypaper.com/pittsburgh/carnegie-mellon-guitar-ensemble/Event?oid=26672614,What is the address of the Carnegie Mellon University campus where the concert is held?,"5000 Forbes Ave, Pittsburgh Oakland"
https://www.pghcitypaper.com/pittsburgh/carnegie-mellon-guitar-ensemble/Event?oid=26672614,What is the name of the music venue in Pittsburgh that hosts the Carnegie Mellon Guitar Ensemble?,Kresge Theater
https://web.archive.org/web/20100823084558/http://www.pittsburghlive.com/x/pittsburghtrib/sports/s_695755.html,What was the original name of Carnegie Mellon University?,Carnegie Technical Schools
https://web.archive.org/web/20100823084558/http://www.pittsburghlive.com/x/pittsburghtrib/sports/s_695755.html,When was the Roberto Clemente Bridge originally known as?,Sixth Street Bridge
https://web.archive.org/web/20100823084558/http://www.pittsburghlive.com/x/pittsburghtrib/sports/s_695755.html,Who is the founder of the Pittsburgh Steelers?,Art Rooney
https://web.archive.org/web/20100823084558/http://www.pittsburghlive.com/x/pittsburghtrib/sports/s_695755.html,What is the name of the largest city park in Pittsburgh?,Schenley Park
https://web.archive.org/web/20100823084558/http://www.pittsburghlive.com/x/pittsburghtrib/sports/s_695755.html,Who is the co-founder of Duolingo and a professor at Carnegie Mellon University?,Luis von Ahn
https://www.thefrickpittsburgh.org/mission,What is the name of the famous bridge in Pittsburgh that is famously yellow?,Roberto Clemente Bridge
https://www.thefrickpittsburgh.org/mission,"What is the name of the university where Luis von Ahn, the AI professor, co-founded Duolingo?",Carnegie Mellon University
https://www.thefrickpittsburgh.org/mission,Who is the founder of the Frick Pittsburgh Museums & Gardens?,Helen Clay Frick
https://www.thefrickpittsburgh.org/mission,What is the name of the famous comedy tour in Pittsburgh that is hosted by Matt Light?,Burgh Bus
https://trustarts.org/pct_home/visit,"What is the name of the neighborhood in Pittsburgh that is home to Downtown's dynamic arts, entertainment, and dining scene?",The Cultural District
https://trustarts.org/pct_home/visit,What is the name of the garage where Theater Square is located?,Theater Square Garage
https://trustarts.org/pct_home/visit,What is the name of the dance company that performs at the Benedum Center?,modern dance
https://trustarts.org/pct_home/visit,What is the name of the theater that hosts the Backyard at 8th & Penn?,The Backyard at 8th & Penn Arts Landing
https://trustarts.org/pct_home/visit,What is the name of the street where the Pittsburgh Cultural Trust's administrative offices are located?,Liberty Avenue
https://www.tiktok.com/@penguins,Who is the founder of Carnegie Mellon University?,Andrew Carnegie
https://www.tiktok.com/@penguins,What is the name of the famous AI professor at CMU who co-founded Duolingo?,Luis von Ahn
https://www.pghcitypaper.com/pittsburgh/jesus-christ-superstar/Event?oid=27554011,What is the name of the rock opera being performed at the Byham Theater in Pittsburgh?,Jesus Christ Superstar
https://www.pghcitypaper.com/pittsburgh/jesus-christ-superstar/Event?oid=27554011,Who is the lyricist of the iconic score of Jesus Christ Superstar?,Tim Rice
https://www.pghcitypaper.com/pittsburgh/jesus-christ-superstar/Event?oid=27554011,What is the name of the theater where Jesus Christ Superstar is being performed?,Byham Theater
https://www.pghcitypaper.com/pittsburgh/jesus-christ-superstar/Event?oid=27554011,What is the name of the university that is mentioned in the article about Pittsburgh?,Carnegie Mellon University
https://www.pghcitypaper.com/pittsburgh/jesus-christ-superstar/Event?oid=27554011,What is the name of the legendary rock opera that is being performed at the Byham Theater?,Jesus Christ Superstar
https://carnegiemuseums.org/carnegie-magazine/current-issue,What is the name of the university that is the subject of the provided document?,Carnegie Mellon University
https://carnegiemuseums.org/carnegie-magazine/current-issue,In which city is Carnegie Mellon University located?,Pittsburgh
https://carnegiemuseums.org/carnegie-magazine/current-issue,What is the name of the district in Pittsburgh known for its creative economic development?,The Pop District
https://carnegiemuseums.org/carnegie-magazine/current-issue,What is the name of the museum that features a gallery dedicated to Charles 'Teenie' Harris's work?,Carnegie Museum of Art
https://carnegiemuseums.org/carnegie-magazine/current-issue,What is the name of the magazine published by Carnegie Museums of Pittsburgh?,Carnegie Magazine
https://pittsburghopera.org/current-media-releases/haydn-armida-january-2025,What is the name of the opera that Pittsburgh Opera presents in 2025?,Armida
https://pittsburghopera.org/current-media-releases/haydn-armida-january-2025,What is the name of the Pittsburgh theater where Armida is performed?,Pittsburgh CAPA School Theater
https://pittsburghopera.org/current-media-releases/haydn-armida-january-2025,Who composed the opera Armida?,Joseph Haydn
https://pittsburghopera.org/current-media-releases/haydn-armida-january-2025,"What is the name of the organization that offers a range of flexible gift options and potential tax benefits for individuals, local businesses, and corporations?",Pittsburgh Opera
https://pittsburghopera.org/current-media-releases/haydn-armida-january-2025,What is the name of the program that allows patrons to see as many live opera performances as they want all season?,Opus Pass
https://trustarts.org/blog/artist-to-watch-vania-evangelique,What is the name of the documentary that Vania Evangelique worked on?,Sighted Eyes | Feeling Heart
https://trustarts.org/blog/artist-to-watch-vania-evangelique,What is the name of the project that Vania Evangelique completed recently?,Soft
https://trustarts.org/blog/artist-to-watch-vania-evangelique,What is the name of the university where Vania Evangelique is studying communications?,Point Park University
https://trustarts.org/blog/artist-to-watch-vania-evangelique,What is the name of the project that Vania Evangelique plans to work on next?,Home
https://trustarts.org/blog/artist-to-watch-vania-evangelique,What is the name of the city where Vania Evangelique is currently based?,Pittsburgh
https://www.pittsburghpa.gov/city-government/contacts-information/city-directory,What is the name of the building that houses the City-County Building in Pittsburgh?,414 Grant St.
https://www.pittsburghpa.gov/city-government/contacts-information/city-directory,Which department is responsible for Environmental Services in the City of Pittsburgh?,Public Works
https://www.pittsburghpa.gov/city-government/contacts-information/city-directory,What is the name of the program that provides free or low-cost health services to underserved communities in Pittsburgh?,Health and Safety Resources
https://www.pittsburghpa.gov/city-government/contacts-information/city-directory,Which university is home to the famous Robotics Institute?,Carnegie Mellon University
https://www.pittsburghpa.gov/city-government/contacts-information/city-directory,What is the name of the neighborhood in Pittsburgh that is home to the famous Point State Park?,The Point
https://www.steelers.com/women,What is the name of the football team that has a platform called Women of Steel?,Pittsburgh Steelers
https://www.steelers.com/women,What is the name of the program that provides mentorship to women-owned small businesses in Pittsburgh?,Women of Steel Small Business Spotlight
https://www.steelers.com/women,"What is the name of the bookstore in Greenfield, Pittsburgh, that is owned by a mother-daughter team?",Stories Like Me
https://www.steelers.com/women,What is the name of the restaurant in the Oakland area near Pitt campus that offers Latin American fusion menu?,The Colombian Spot
https://www.steelers.com/women,What is the name of the LGBTQIA+ affirming and racial justice-oriented mental health care group in Pittsburgh?,"Open Space Counseling, Consulting and Wellness"
https://carnegiemuseums.org/tag/where-art-science-meet,What is the name of the museum complex that Carnegie Mellon University is associated with?,Carnegie Museums of Pittsburgh
https://www.pinterest.com/visitpittsburgh,How many distinct neighborhoods are there in Pittsburgh?,90
https://www.pinterest.com/visitpittsburgh,What is the name of the famous architect who designed buildings in Pittsburgh?,Frank Lloyd Wright
https://www.pinterest.com/visitpittsburgh,What is the name of the museum that is renowned in Pittsburgh?,Museum
https://www.pinterest.com/visitpittsburgh,What is the name of the university that is known for its renowned museums?,Carnegie Mellon University
https://www.pinterest.com/visitpittsburgh,How many craft breweries are there in Pittsburgh?,50
https://www.mlb.com/pirates#1-115,What is the name of the official website of the Pittsburgh Pirates?,MLB.com
https://www.mlb.com/pirates#1-115,Who is the current manager of the Pittsburgh Pirates?,Not specified in the document
https://www.mlb.com/pirates#1-115,What is the name of the stadium where the Pittsburgh Pirates play their home games?,PNC Park
https://www.mlb.com/pirates#1-115,Who is the pitcher for the Pittsburgh Pirates that was injured in the right lat?,Johan Oviedo
https://www.mlb.com/pirates#1-115,What is the name of the Pirates' Top 30 prospects list?,Pirates' Top 30 Prospects list
https://downtownpittsburgh.com/events/event?id=62355,What is the name of the event that features a 5K and a 1-Mile Family Fun Run/Walk through downtown Pittsburgh?,Pittsburgh Parade Day Dash
https://downtownpittsburgh.com/events/event?id=62355,What is the name of the business improvement district in downtown Pittsburgh?,Pittsburgh Downtown Partnership
https://downtownpittsburgh.com/events/event?id=62355,What is the name of the annual event that Pittsburgh hosts to celebrate St. Patrick's Day?,America's Grand St. Patrick's Day Event
https://downtownpittsburgh.com/events/event?id=62355,What is the name of the 1-Mile Family Fun Run/Walk that is part of the Pittsburgh Parade Day Dash?,1-Mile Family Fun Run/Walk
https://downtownpittsburgh.com/events/event?id=62355,What is the name of the company that is the presenting sponsor of the Pittsburgh Parade Day Dash?,GNC
https://www.heinzhistorycenter.org/event/history-uncorked-2025,What is the name of the annual fundraising event presented by the Heinz History Center?,History Uncorked
https://www.heinzhistorycenter.org/event/history-uncorked-2025,What is the name of the DJ performing at the History Uncorked event?,DJ Bonics
https://www.heinzhistorycenter.org/event/history-uncorked-2025,What is the name of the museum that hosts the History Uncorked event?,Heinz History Center
https://www.heinzhistorycenter.org/event/history-uncorked-2025,What is the name of the restaurant group that is a sponsor of the History Uncorked event?,Richard DeShantz Restaurant Group
https://www.heinzhistorycenter.org/event/history-uncorked-2025,What is the name of the committee chair of the 2025 History Uncorked event?,Laura Early
https://www.cmu.edu/engage/give/donor-recognition/index.html,"What is the name of the donor recognition society that recognizes donors who give at least $2,500 during the fiscal year?",Andrew Carnegie Society
https://www.cmu.edu/engage/give/donor-recognition/index.html,What is the name of the donor recognition society that recognizes supporters who have included a legacy gift to CMU as part of their estate planning?,The Warner Circle
https://www.cmu.edu/engage/give/donor-recognition/index.html,Where is the University Advancement office located?,"5000 Forbes Ave Pittsburgh, PA 15213"
https://www.cmu.edu/engage/give/donor-recognition/index.html,"What is the name of the college-based giving society that recognizes donors who contribute at least $2,500 annually to the college?",Heinz College Dean's Circle
https://www.cmu.edu/engage/give/donor-recognition/index.html,What is the name of the donor recognition society that recognizes donors who give more than $1 million over their lifetimes or through their estates?,The Highlands Circle
https://www.pghcitypaper.com/pittsburgh/free-throws-and-field-goals-sports-trivia-night/Event?oid=27543184,What is the name of the annual fundraising event hosted by the Jewish Federation of Greater Pittsburgh?,Free Throws & Field Goals Sports Trivia Night
https://www.pghcitypaper.com/pittsburgh/free-throws-and-field-goals-sports-trivia-night/Event?oid=27543184,What is the name of the baseball stadium where the Free Throws & Field Goals Sports Trivia Night is held?,PNC Park
https://www.pghcitypaper.com/pittsburgh/free-throws-and-field-goals-sports-trivia-night/Event?oid=27543184,What is the name of the organization that hosts the annual fundraising event with a sporty twist?,Jewish Federation of Greater Pittsburgh's YAD Philanthropy
https://www.pghcitypaper.com/pittsburgh/free-throws-and-field-goals-sports-trivia-night/Event?oid=27543184,Who is the contact person for the Free Throws & Field Goals Sports Trivia Night?,mfranzos@jfedpgh.org
https://www.pghcitypaper.com/pittsburgh/free-throws-and-field-goals-sports-trivia-night/Event?oid=27543184,What is the name of the campaign that the donations from the event contribute towards?,Jewish life locally and globally
https://trustarts.org/pct_home/support/planned-giving/contact-us-for-planned-giving,What is the address of The Pittsburgh Cultural Trust?,"803 Liberty Avenue, Pittsburgh, PA 15222"
https://trustarts.org/pct_home/support/planned-giving/contact-us-for-planned-giving,What is the name of the Pittsburgh Cultural Trust's Major Gifts Officer?,Allie Fetchko
https://trustarts.org/pct_home/support/planned-giving/contact-us-for-planned-giving,What is the name of the Pittsburgh Cultural Trust's planned giving team?,Our planned giving team
https://trustarts.org/pct_home/support/planned-giving/contact-us-for-planned-giving,What is the contact phone number of the Pittsburgh Cultural Trust's Major Gifts Officer?,412-456-2648
https://trustarts.org/pct_home/support/planned-giving/contact-us-for-planned-giving,What is the federal tax ID number of The Pittsburgh Cultural Trust?,Please contact us for our federal tax ID number.
https://www.pghcitypaper.com/arts-entertainment,What is the name of the university that hosts the School of Art and the School of Drama?,Carnegie Mellon University
https://www.pghcitypaper.com/arts-entertainment,What is the name of the local film restoration project launched by Pittsburgh Sound + Image?,restore local film treasures
https://www.pghcitypaper.com/arts-entertainment,Who is the author of the children's book that challenges harmful notions of 'good hair'?,Helen Smith
https://www.pghcitypaper.com/arts-entertainment,What is the name of the feminist journey through the seedy streets of 1910s Pittsburgh?,The Market Women of Diamond Square
https://www.pghcitypaper.com/arts-entertainment,What is the name of the local basketball legend who was featured in an article in the Pittsburgh City Paper?,John Brisker
https://www.cmu.edu/engage/alumni/about/aab/index.html,What is the name of the CMU Alumni Association Board?,The CMU Alumni Association Board
https://www.cmu.edu/engage/alumni/about/aab/index.html,How many members are on the CMU Alumni Association Board?,23 to 24
https://www.cmu.edu/engage/alumni/about/aab/index.html,What is the name of the student representative on the CMU Alumni Association Board?,student representative
https://www.cmu.edu/engage/alumni/about/aab/index.html,What is the name of the rotating representative from the Andrew Carnegie Society Executive Board on the CMU Alumni Association Board?,rotating representative from the Andrew Carnegie Society Executive Board
https://www.cmu.edu/engage/alumni/about/aab/index.html,What is the name of the president of the CMU Alumni Association Board?,Joanna D. Lovering
https://trustarts.org/blog/bookish-in-the-burgh-holiday-gift-guide,Where is the Bookish in the 'Burgh festival held?,Pittsburgh
https://trustarts.org/blog/bookish-in-the-burgh-holiday-gift-guide,What is the name of the teen book festival presented by Riverstone Books?,Bookish in the 'Burgh
https://trustarts.org/blog/bookish-in-the-burgh-holiday-gift-guide,What is the name of the debut book by Isabel Ibañez?,Woven in Moonlight
https://trustarts.org/blog/bookish-in-the-burgh-holiday-gift-guide,"What is the name of the coming-of-age story about grief, guilt, and the risks a Filipino-American teenager takes to uncover the truth about his cousin’s murder?",Patron Saints of Nothing
https://trustarts.org/blog/bookish-in-the-burgh-holiday-gift-guide,What is the name of the local independent bookstore that is the presenting sponsor of Bookish in the 'Burgh?,Riverstone Books
https://carnegiemuseums.org/join-support,How many Carnegie Museums are there in Oakland?,four
https://carnegiemuseums.org/join-support,What is the name of the museum that features the world's largest model train display?,Carnegie Science Center
https://carnegiemuseums.org/join-support,What is the name of the museum that is home to the famous 'Mummy: The Curse of the Golden Idol' exhibit?,Carnegie Museum of Natural History
https://carnegiemuseums.org/join-support,What is the name of the museum that hosts the 'Where Art & Science Meet' event?,Carnegie International
https://carnegiemuseums.org/join-support,Who is the founder of the Carnegie Museums?,Andrew Carnegie
https://www.pghcitypaper.com/pittsburgh/slideshowarchives,What is the name of the building where protesters marched against Musk and Trump in Pittsburgh?,William S. Moorhead building
https://www.pghcitypaper.com/pittsburgh/slideshowarchives,What is the name of the event that brought the best artists in the industry to the Wyndham Grand downtown last weekend?,Pittsburgh Tattoo Expo 2025
https://www.pghcitypaper.com/pittsburgh/slideshowarchives,What is the name of the organization that hosted a meet and greet featuring Punxsutawney Phil and the Groundhog Club ahead of Groundhog Day?,Wigle Whiskey
https://www.pghcitypaper.com/pittsburgh/slideshowarchives,"What is the name of the drag show celebrating Tim Robinson's wild sketch comedy series, I Think You Should Tease?",I Think You Should Tease
https://www.pghcitypaper.com/pittsburgh/slideshowarchives,What is the name of the local official who called to protect Medicaid against GOP spending cuts?,Rep. Summer Lee
https://trustarts.org/pct_home/support/donor-resources/donor-presale-access,What is the main phone number for the Pittsburgh Cultural Trust Box Office?,412-456-6666
https://trustarts.org/pct_home/support/donor-resources/donor-presale-access,What is the name of the highest level of giving to the Pittsburgh Cultural Trust?,Grand Sphere
https://trustarts.org/pct_home/support/donor-resources/donor-presale-access,What is the name of the email newsletter that you can join for the Pittsburgh Cultural Trust?,Follow Us
https://trustarts.org/pct_home/support/donor-resources/donor-presale-access,What is the address of the Pittsburgh Cultural Trust administrative offices?,"803 Liberty Avenue Pittsburgh, PA 15222"
https://trustarts.org/pct_home/support/donor-resources/donor-presale-access,What is the name of the monthly donor portal for the Pittsburgh Cultural Trust?,Monthly Donor Portal
https://trustarts.org/blog/six-cant-miss-spots-at-the-fall-gallery-crawl,What is the name of the event that marks the start of the fall season in Pittsburgh?,The Fall Gallery Crawl
https://trustarts.org/blog/six-cant-miss-spots-at-the-fall-gallery-crawl,Which Pittsburgh Cultural Trust event features larger-than-life spinning tops?,Los Trompos
https://trustarts.org/blog/six-cant-miss-spots-at-the-fall-gallery-crawl,Who is the artist behind the Community Canvas in Exchange Way during the Fall Gallery Crawl?,Alison Zapata
https://trustarts.org/blog/six-cant-miss-spots-at-the-fall-gallery-crawl,What is the name of the film screening event during the Fall Gallery Crawl?,The Last Dragon
https://trustarts.org/blog/six-cant-miss-spots-at-the-fall-gallery-crawl,Which DJ performs a live score for the film screening of The Last Dragon?,DJ Soy Sos
https://www.steelers.com/video/watch-women-of-steel-steelers-celebrate-national-girls-and-women-in-sports-day,What is the name of the university that has a STEM program?,Carnegie Mellon University
https://www.steelers.com/video/watch-women-of-steel-steelers-celebrate-national-girls-and-women-in-sports-day,What is the name of the Steelers' community event that supports over 500 families in the Pittsburgh community?,Huddle for the Holidays
https://www.steelers.com/video/watch-women-of-steel-steelers-celebrate-national-girls-and-women-in-sports-day,What is the name of the Steelers' program that introduced high school students from across Western Pennsylvania to the accounting profession?,Steelers Showcase program
https://www.steelers.com/video/watch-women-of-steel-steelers-celebrate-national-girls-and-women-in-sports-day,Who is the Steelers' 2023 Walter Payton Man of the Year Award winner?,Cameron Heyward
https://www.steelers.com/video/watch-women-of-steel-steelers-celebrate-national-girls-and-women-in-sports-day,What is the name of the Steelers' event that raised money for breast cancer research through a lemonade stand challenge?,Pink Lemonade Stand Challenge
https://downtownpittsburgh.com/events/event?id=62445,What is the name of the arena where the Pittsburgh Penguins play their home games?,PPG Paints Arena
https://downtownpittsburgh.com/events/event?id=62445,What is the name of the public square located in the heart of Pittsburgh's downtown area?,Market Square
https://downtownpittsburgh.com/events/event?id=62445,What is the name of the Business Improvement District that oversees downtown Pittsburgh?,Pittsburgh Downtown Partnership
https://downtownpittsburgh.com/events/event?id=62445,What is the name of the street where the Pittsburgh Downtown Partnership is located?,Fourth Avenue
https://downtownpittsburgh.com/events/event?id=62445,What is the name of the event that celebrates the city's connection to the world of pickles?,Picklesburgh
https://www.nhl.com/gamecenter/stl-vs-pit/2025/03/13/2024021044,What is the name of the hockey team that plays in Pittsburgh?,Pittsburgh Penguins
https://www.nhl.com/gamecenter/stl-vs-pit/2025/03/13/2024021044,What is the name of the street where the Roberto Clemente Bridge is located?,Sixth Street
https://www.nhl.com/gamecenter/stl-vs-pit/2025/03/13/2024021044,What is the name of the hockey team that plays in St. Louis?,St. Louis Blues
https://www.nhl.com/gamecenter/stl-vs-pit/2025/03/13/2024021044,What is the name of the city where Carnegie Mellon University is located?,Pittsburgh
https://www.nhl.com/gamecenter/stl-vs-pit/2025/03/13/2024021044,Who is the coach of the Pittsburgh Penguins?,Mike Sullivan
https://trustarts.org/blog/ways-to-support-black-art-in-the-cultural-district,What percentage of Black and African American people reported having a mental illness in 2018?,16%
https://trustarts.org/blog/ways-to-support-black-art-in-the-cultural-district,What is the name of the art exhibit centered on mental health from the Black perspective?,InVisible
https://trustarts.org/blog/ways-to-support-black-art-in-the-cultural-district,What is the name of the film directed by Skinny Meyers that tells the story of a young Black man in America?,The Sleeping Negro
https://trustarts.org/blog/ways-to-support-black-art-in-the-cultural-district,What is the name of the magic show performed by Eric Jones at Liberty Magic?,Immaculate Deception
https://trustarts.org/blog/ways-to-support-black-art-in-the-cultural-district,What is the name of the jazz series presented by BNY Mellon?,BNY Mellon Presents JazzLive
https://pittsburghquarterly.com/articles/pittsburgh-operas-armida-sings-in-a-language-beyond-words,In what year was the opera 'Armida' written by Franz Joseph Haydn?,1784
https://pittsburghquarterly.com/articles/pittsburgh-operas-armida-sings-in-a-language-beyond-words,What is the name of the director who was the subject of a remark by Francois Truffaut?,Alfred Hitchcock
https://pittsburghquarterly.com/articles/pittsburgh-operas-armida-sings-in-a-language-beyond-words,Which theater company is hosting the production of 'Armida' in Pittsburgh?,Pittsburgh Opera
https://pittsburghquarterly.com/articles/pittsburgh-operas-armida-sings-in-a-language-beyond-words,Who is the soprano playing the title role in the opera 'Armida'?,Lauryn Davis
https://pittsburghquarterly.com/articles/pittsburgh-operas-armida-sings-in-a-language-beyond-words,What is the name of the set designer for the opera 'Armida'?,Kejia Yu
https://events.cmu.edu/submit,What is the name of the university's web login page?,login.cmu.edu
https://events.cmu.edu/submit,What is the name of the university's login page warning to report to?,it-help@cmu.edu
https://events.cmu.edu/submit,What is the name of the warning page that the URL should begin with?,https://login.cmu.edu
https://events.cmu.edu/submit,What is the name of the Carnegie Mellon University's password change page?,Change Password
https://events.cmu.edu/submit,What is the name of the Carnegie Mellon University's forgot password page?,Forgot Password
https://www.britannica.com/biography/john-forbes,In what year did General John Forbes settle in Pittsburgh?,1758
https://www.britannica.com/biography/john-forbes,What was the name of the fort that the British built to ensure their dominance at the source of the Ohio River?,Fort Pitt
https://www.britannica.com/biography/john-forbes,Who led a new advance upon Fort Duquesne in 1758?,John Forbes
https://www.britannica.com/biography/john-forbes,What was the name of the road that John Forbes cut across Pennsylvania to seize Fort Duquesne?,Braddock’s road
https://www.britannica.com/biography/john-forbes,Who was the British statesman after whom Pittsburgh was named?,William Pitt the Elder
https://www.pittsburghpa.gov/safety/office-of-community-health-and-safety/meet-the-staff,What is the name of the bridge in Pittsburgh that connects downtown to the North Shore?,Andy Warhol Bridge
https://www.pittsburghpa.gov/safety/office-of-community-health-and-safety/meet-the-staff,What is the name of the famous street in Pittsburgh that is known for its entertainment and nightlife?,South Side
https://www.pittsburghpa.gov/safety/office-of-community-health-and-safety/meet-the-staff,"What is the name of the university that is home to the School of Computer Science, which is one of the top computer science programs in the world?",Carnegie Mellon University
https://www.pittsburghpa.gov/business-development/city-planning,What is the name of the city in which Carnegie Mellon University is located?,Pittsburgh
https://www.pittsburghpa.gov/business-development/city-planning,What is the name of the university's campus in Pittsburgh?,Oakland
https://www.pittsburghpa.gov/business-development/city-planning,What is the name of the famous music festival held in Pittsburgh?,Three Rivers Arts Festival
https://www.visitpittsburgh.com/things-to-do/arts-culture,What is the name of the museum in Pittsburgh dedicated to the life and work of Andy Warhol?,The Andy Warhol Museum
https://www.visitpittsburgh.com/things-to-do/arts-culture,In which year was Pittsburgh called the 'Gateway to the West'?,Its earliest days as a frontier village
https://www.visitpittsburgh.com/things-to-do/arts-culture,What is the name of the historic venue that hosts world-class performances in Pittsburgh?,historic venues
https://www.visitpittsburgh.com/things-to-do/arts-culture,What is the name of the architecture movement that Pittsburgh has become a leader in?,the green building movement
https://www.visitpittsburgh.com/things-to-do/arts-culture,What is the name of the Pittsburgh museum that offers a global arts perspective?,A Global Arts Perspective
https://www.steelers.com/news/los-steelers-elegidos-para-jugar-el-primer-partido-de-temporada-regular-de-la-nfl-en-irlanda-en-2025,What is the name of the stadium where the Pittsburgh Steelers play?,Acrisure Stadium
https://www.steelers.com/news/los-steelers-elegidos-para-jugar-el-primer-partido-de-temporada-regular-de-la-nfl-en-irlanda-en-2025,In what year was the Pittsburgh Steelers' first game played in Ireland?,2025
https://www.steelers.com/news/los-steelers-elegidos-para-jugar-el-primer-partido-de-temporada-regular-de-la-nfl-en-irlanda-en-2025,What is the name of the Irish football stadium that will host the Pittsburgh Steelers' first regular season game in Ireland?,Croke Park
https://www.steelers.com/news/los-steelers-elegidos-para-jugar-el-primer-partido-de-temporada-regular-de-la-nfl-en-irlanda-en-2025,What is the name of the Pittsburgh Steelers' president who has a rich history and a deep connection with Ireland?,Art Rooney II
https://www.steelers.com/news/los-steelers-elegidos-para-jugar-el-primer-partido-de-temporada-regular-de-la-nfl-en-irlanda-en-2025,"What is the name of the organization that the late Pittsburgh Steelers' president, Daniel M. Rooney, co-founded to help the Irish community in the US?",Ireland Funds
https://acrisurestadium.com/guest-services/security-guidelines,What is the name of the stadium in Pittsburgh where the Pittsburgh Steelers and Pitt Panthers play?,Acrisure Stadium
https://acrisurestadium.com/guest-services/security-guidelines,What is the name of the club level at Acrisure Stadium?,Club Level
https://acrisurestadium.com/guest-services/security-guidelines,What is the name of the food and beverage area located at the 100 Level of Acrisure Stadium?,100 Level
https://acrisurestadium.com/guest-services/security-guidelines,What type of bags are allowed to be carried into Acrisure Stadium according to the clear bag policy?,"Clear plastic, vinyl or PVC bags smaller than 12” x 6” x 12”"
https://acrisurestadium.com/guest-services/security-guidelines,Who are the two teams that play football games at Acrisure Stadium?,Pittsburgh Steelers and Pitt Panthers
https://www.cmu.edu/engage/give/gift-planning/index.html,What is the name of the donor recognition society at Carnegie Mellon University?,The Warner Circle
https://www.cmu.edu/engage/give/gift-planning/index.html,What is the name of the fourth president of Carnegie Mellon University?,John C. Warner
https://www.cmu.edu/engage/give/gift-planning/index.html,What is the tax ID number of Carnegie Mellon University?,25-0969449
https://www.cmu.edu/engage/give/gift-planning/index.html,What is the name of the newsletter published by Carnegie Mellon University's Office of Gift Planning?,Tartan Traditions
https://www.cmu.edu/engage/give/gift-planning/index.html,What is the name of the university advancement office at Carnegie Mellon University?,University Advancement
https://pittsburgh.events/venue/cafe-at-thunderbird-cafe-music-hall,What is the name of the museum that is part of the Carnegie Museum of Natural History and the Carnegie Museum of Art?,Carnegie Museum of Natural History
https://pittsburgh.events/venue/cafe-at-thunderbird-cafe-music-hall,What is the name of the football stadium located in the North Shore neighborhood of Pittsburgh?,Heinz Field
https://pittsburgh.events/venue/cafe-at-thunderbird-cafe-music-hall,What is the name of the famous music venue in Pittsburgh that hosts various concerts and events?,Thunderbird Cafe & Music Hall
https://www.pghcitypaper.com/pittsburgh/cv-theatre-presents-something-rotten-musical/event?oid=27572421,What is the name of the high school that hosts the musical performance of Something Rotten!,Chartiers Valley High School
https://www.pghcitypaper.com/pittsburgh/cv-theatre-presents-something-rotten-musical/event?oid=27572421,What is the name of the musical performance that CV Theatre presents?,Something Rotten!
https://www.pghcitypaper.com/pittsburgh/cv-theatre-presents-something-rotten-musical/event?oid=27572421,What is the name of the venue where Something Rotten! will be held?,Chartiers Valley High School Auditorium
https://www.pghcitypaper.com/pittsburgh/cv-theatre-presents-something-rotten-musical/event?oid=27572421,What is the name of the organization that presents the musical performance of Something Rotten!,CV Theatre
https://www.pghcitypaper.com/pittsburgh/cv-theatre-presents-something-rotten-musical/event?oid=27572421,What is the name of the musical that is about the VERY FIRST musical?,Something Rotten!
https://trustarts.org/pct_home/events/series/liberty-magic,What is the name of the theater in Pittsburgh that hosts Liberty Magic?,Liberty Magic
https://trustarts.org/pct_home/events/series/liberty-magic,In which year was Carnegie Mellon University founded?,1900
https://trustarts.org/pct_home/events/series/liberty-magic,Where are the administrative offices of the Pittsburgh Cultural Trust located?,803 Liberty Avenue
https://trustarts.org/pct_home/events/series/liberty-magic,What is the name of the fund supporting Liberty Magic?,Emma Clyde Hodge Memorial Fund
https://trustarts.org/pct_home/events/series/liberty-magic,What is the name of the email newsletter for Liberty Magic?,Liberty Magic email list
https://www.pittsburghpa.gov/city-government/finances-budget/taxes/tax-forms?oc_lang=pt,What is the name of the Pittsburgh university that is famous for its robotics and artificial intelligence programs?,Carnegie Mellon University
https://www.pittsburghpa.gov/city-government/finances-budget/taxes/tax-forms?oc_lang=pt,Who is the current mayor of Pittsburgh?,Ed Gainey
https://www.pittsburghpa.gov/city-government/finances-budget/taxes/tax-forms?oc_lang=pt,What is the name of the bridge in Pittsburgh that connects the North Shore to the Golden Triangle?,Roberto Clemente Bridge
https://www.pittsburghpa.gov/city-government/finances-budget/taxes/tax-forms?oc_lang=pt,What is the name of the festival held in Pittsburgh to celebrate the city's cultural diversity?,Multicultural Arts for Healing Arts Festival
https://onlocationexp.com/nfl/super-bowl-tickets?utm_source=steelers.com&utm_medium=referral&utm_campaign=super_bowl_teams-steelers_footer_menu,In which year was the Roberto Clemente Bridge originally built?,1926
https://onlocationexp.com/nfl/super-bowl-tickets?utm_source=steelers.com&utm_medium=referral&utm_campaign=super_bowl_teams-steelers_footer_menu,Who is the founder of the University?,Andrew Carnegie
https://onlocationexp.com/nfl/super-bowl-tickets?utm_source=steelers.com&utm_medium=referral&utm_campaign=super_bowl_teams-steelers_footer_menu,What is the name of the university's athletic teams?,Tartans
https://onlocationexp.com/nfl/super-bowl-tickets?utm_source=steelers.com&utm_medium=referral&utm_campaign=super_bowl_teams-steelers_footer_menu,Which famous artist is associated with Pittsburgh's art scene?,Andy Warhol
https://onlocationexp.com/nfl/super-bowl-tickets?utm_source=steelers.com&utm_medium=referral&utm_campaign=super_bowl_teams-steelers_footer_menu,What is the name of the famous museum located in Pittsburgh?,Carnegie Museum of Natural History
https://www.britannica.com/editor/amy-tikkanen/6393,Which university is known for its robotics program and is located in Pittsburgh?,Carnegie Mellon University
https://www.britannica.com/editor/amy-tikkanen/6393,Who was the chief of staff in the administration of U.S. Pres. Donald Trump?,Reince Priebus
https://www.britannica.com/editor/amy-tikkanen/6393,What is the name of the famous football stadium in Pittsburgh?,Acrisure Stadium
https://www.britannica.com/editor/amy-tikkanen/6393,Who is the founder of CMU?,Andrew Carnegie
https://downtownpittsburgh.com/events?n=3&d=17&y=2025,"What is the name of the famous festival celebrated in Market Square, Pittsburgh?",The Thaw
https://downtownpittsburgh.com/events?n=3&d=17&y=2025,What is the name of the film festival held in Pittsburgh that won the Silver Lion at the 2024 Venice Film Festival?,Vermiglio
https://downtownpittsburgh.com/events?n=3&d=17&y=2025,What is the name of the bank tower building that houses the Pittsburgh Downtown Partnership?,The Bank Tower
https://downtownpittsburgh.com/events?n=3&d=17&y=2025,What is the name of the famous Irish band that performs at The Thaw festival in Pittsburgh?,No information available
https://downtownpittsburgh.com/events?n=3&d=17&y=2025,What is the name of the museum located in the Old Allegheny County Jail building in Pittsburgh?,The Old Allegheny County Jail and Museum
https://www.pittsburghpa.gov/safety/animal-care-control/rodent-baiting-program,What is the name of the rodent baiting program in Pittsburgh?,The Rodent Baiting Program
https://www.pittsburghpa.gov/safety/animal-care-control/rodent-baiting-program,How many times per year can residents request rodent bait for free?,Two times
https://www.pittsburghpa.gov/safety/animal-care-control/rodent-baiting-program,Who can request rodent baiting for their property in Pittsburgh?,The owner or resident of a property
https://www.pittsburghpa.gov/safety/animal-care-control/rodent-baiting-program,What is the approximate capacity of the rodent baiting station?,200 rats or mice
https://www.pittsburghpa.gov/safety/animal-care-control/rodent-baiting-program,What should be reported to PLI through 311 if there are issues creating or aggravating rodent problems on a property?,Trash violations or poor property maintenance
https://3riversstudios.com,What is the name of the Pennsylvania Qualified Production Facility?,3 Rivers Studios
https://3riversstudios.com,How many sound stages are available at 3 Rivers Studios?,5
https://3riversstudios.com,How many acres of land does 3 Rivers Studios occupy?,14
https://3riversstudios.com,How long is the drive from downtown Pittsburgh to 3 Rivers Studios?,12 minutes
https://3riversstudios.com,What is the name of the airport near 3 Rivers Studios?,Pittsburgh International Airport
https://www.pghcitypaper.com/pittsburgh/northside-digital-literacy-class/Event?oid=26744493,What is the name of the program that offers free or low-cost digital literacy classes to individuals facing economic hardship in Pittsburgh?,WIN Workforce Development Program
https://www.pghcitypaper.com/pittsburgh/northside-digital-literacy-class/Event?oid=26744493,Where is CoLab18 at Nova Place located?,"100 S. Commons, Pittsburgh North Side"
https://www.pghcitypaper.com/pittsburgh/northside-digital-literacy-class/Event?oid=26744493,What is the name of the feminist journey through the seedy streets of 1910s Pittsburgh that was featured in Pittsburgh City Paper?,The Market Women of Diamond Square
https://www.pghcitypaper.com/pittsburgh/northside-digital-literacy-class/Event?oid=26744493,What is the name of the university that is in collaboration with the NorthSide North Shore Chamber of Commerce to offer digital literacy classes?,Carnegie Mellon University
https://www.pghcitypaper.com/pittsburgh/northside-digital-literacy-class/Event?oid=26744493,What is the name of the event that is hosted by the Northside Digital Literacy Class?,"Third Tuesday of every month, 12:30-4:30 p.m."
https://www.pghcitypaper.com/pittsburgh/tuesday-night-bingo-at-st-ursula-church/Event?oid=27548938,Which church hosts Tuesday Night Bingo in Pittsburgh?,St. Ursula Church
https://www.pghcitypaper.com/pittsburgh/tuesday-night-bingo-at-st-ursula-church/Event?oid=27548938,What is the weekly admission fee for Tuesday Night Bingo at St. Ursula Church?,$20
https://www.pghcitypaper.com/pittsburgh/tuesday-night-bingo-at-st-ursula-church/Event?oid=27548938,What is the name of the street where St. Ursula Church is located?,Kirk Ave.
https://www.pghcitypaper.com/pittsburgh/tuesday-night-bingo-at-st-ursula-church/Event?oid=27548938,"In what year was the Market Women of Diamond Square, a feminist journey through the seedy streets of 1910s Pittsburgh, published?",2025
https://www.pghcitypaper.com/pittsburgh/tuesday-night-bingo-at-st-ursula-church/Event?oid=27548938,What is the name of the social hall at St. Ursula Church where Tuesday Night Bingo takes place?,social hall
https://www.britannica.com/topic/afl-cio,What year was the Committee for Industrial Organization (CIO) formed?,1935
https://www.britannica.com/topic/afl-cio,Which university hosted the first convention of the CIO in 1938?,Carnegie Mellon University
https://www.britannica.com/topic/afl-cio,Who was the president of the CIO in 1938?,John L. Lewis
https://www.britannica.com/topic/afl-cio,What is the name of the labour federation formed in 1955 by the merger of the AFL and the CIO?,AFL-CIO
https://www.britannica.com/topic/afl-cio,Who was the president of the AFL-CIO from 1979 to 1995?,Lane Kirkland
https://www.pghcitypaper.com/pittsburgh/guided-meditation/Event?oid=16784570,What is the name of the guided meditation group in Pittsburgh?,Thrive on Health
https://www.pghcitypaper.com/pittsburgh/guided-meditation/Event?oid=16784570,What is the location of the guided meditation group in Pittsburgh?,"730 Brookline Boulevard, Pittsburgh"
https://www.pghcitypaper.com/pittsburgh/guided-meditation/Event?oid=16784570,Who leads the meditation group at Thrive on Health?,Chey of Smoky Quartz Magick & Divination
https://www.pghcitypaper.com/pittsburgh/guided-meditation/Event?oid=16784570,What is the suggested donation for attending the meditation group?,$5
https://www.pghcitypaper.com/pittsburgh/guided-meditation/Event?oid=16784570,What is the astrological forecast used for in planning the meditation group?,according to the astrological forecast
https://www.post-gazette.com/local/city/2010/05/25/mellon-arena-roof-may-open-for-final-show/stories/201005250282,What is the name of the building that will replace Mellon Arena?,Consol Energy Center
https://www.post-gazette.com/local/city/2010/05/25/mellon-arena-roof-may-open-for-final-show/stories/201005250282,What is the name of the Pittsburgh arena that was opened with its roof closed?,Mellon Arena
https://www.post-gazette.com/local/city/2010/05/25/mellon-arena-roof-may-open-for-final-show/stories/201005250282,Which Pittsburgh landmark is also known as the Igloo?,Mellon Arena
https://www.post-gazette.com/local/city/2010/05/25/mellon-arena-roof-may-open-for-final-show/stories/201005250282,In what year was the Mellon Arena's roof last fully retracted?,1995
https://www.post-gazette.com/local/city/2010/05/25/mellon-arena-roof-may-open-for-final-show/stories/201005250282,Who is the general manager of Mellon Arena/SMG?,Jay Roberts
https://www.pittsburghpa.gov/recreation-events/parks/community-garden-plots,What is the name of the largest community garden in Pittsburgh?,Highland Park Community Garden
https://www.pittsburghpa.gov/recreation-events/parks/community-garden-plots,In which neighborhood is the Bandi Schaum Community Garden located?,Southside
https://www.pittsburghpa.gov/recreation-events/parks/community-garden-plots,What is the name of the organization that helps to manage the Bandi Schaum Community Garden?,Southside Slopes Neighborhood Association
https://www.pittsburghpa.gov/recreation-events/parks/community-garden-plots,How many plots are available in the Bandi Schaum Community Garden?,over 75
https://www.pittsburghpa.gov/recreation-events/parks/community-garden-plots,Who is the Mayor of Pittsburgh?,Not specified
https://trustarts.org/pct_home/privacy-policy,What is the name of the district in Pittsburgh that hosts various cultural organizations?,The Pittsburgh Cultural District
https://trustarts.org/pct_home/privacy-policy,What is the name of the famous music venue in the Pittsburgh Cultural District?,The August Wilson Center
https://trustarts.org/pct_home/privacy-policy,Which Pittsburgh university is known for its robotics program?,Carnegie Mellon University
https://trustarts.org/pct_home/events/groups/special-events,What is the name of the theater where WHO'S AFRAID OF VIRGINIA WOOLF? is performed?,O'Reilly Theater
https://trustarts.org/pct_home/events/groups/special-events,How much does the buffet meal cost for the WHO'S AFRAID OF VIRGINIA WOOLF? package?,$82.50
https://trustarts.org/pct_home/events/groups/special-events,What is the name of the organization that manages the group sales department for the Pittsburgh Cultural Trust?,Pittsburgh Cultural Trust
https://trustarts.org/pct_home/events/groups/special-events,What is the name of the festival that takes place on New Year's Eve in Pittsburgh?,Highmark First Night Pittsburgh
https://trustarts.org/pct_home/events/groups/special-events,What is the name of the university whose students can purchase tickets at a discounted rate through the Pittsburgh Cultural Trust?,Carnegie Mellon University
https://www.pghcitypaper.com/pittsburgh/eventsearch?page=3&v=d,What is the name of the organization that helps low-income seniors in Pittsburgh?,Rebuilding Together Pittsburgh
https://www.pghcitypaper.com/pittsburgh/eventsearch?page=3&v=d,Which university in Pittsburgh is known for its robotics program?,Carnegie Mellon University
https://www.pghcitypaper.com/pittsburgh/eventsearch?page=3&v=d,What is the name of the lacrosse organization that offers programs for boys and girls in Pittsburgh?,Three Rivers Lacrosse
https://www.pghcitypaper.com/pittsburgh/eventsearch?page=3&v=d,Who is the founder of the Pittsburgh AIDS Task Force?,Not Found
https://www.pghcitypaper.com/pittsburgh/eventsearch?page=3&v=d,What is the name of the gallery that features glass artists in Pittsburgh?,Boulevard Gallery
https://www.wikidata.org/wiki/q1342#identifiers,In what year was the Duquesne Incline built?,1859
https://www.wikidata.org/wiki/q1342#identifiers,What is the motto of Pittsburgh?,Benigno Numine
https://www.wikidata.org/wiki/q1342#identifiers,What is the name of the university that has a campus in Pittsburgh and is known for its computer science and robotics programs?,Carnegie Mellon University
https://www.wikidata.org/wiki/q1342#identifiers,Which river runs through Pittsburgh?,Ohio River
https://www.wikidata.org/wiki/q1342#identifiers,Who was the founder of Pittsburgh?,John Forbes
https://downtownpittsburgh.com/do-business/paris-to-pittsburgh,What is the name of the program that offers matching grants to property and business owners for exterior enhancements in Pittsburgh?,Paris to Pittsburgh
https://downtownpittsburgh.com/do-business/paris-to-pittsburgh,"What is the name of the 50 percent matching grant that encourages outdoor dining elements such as retractable awnings, tables and chairs, new lighting and landscaping?",Sidewalk Activation Grant
https://downtownpittsburgh.com/do-business/paris-to-pittsburgh,What is the maximum amount of the Sidewalk Activation Grant?,"$50,000"
https://downtownpittsburgh.com/do-business/paris-to-pittsburgh,"What is the name of the 50 percent matching grant that offers up to $50,000 to properties that are interested in façade improvements but are not adding an outdoor café or installing an operable storefront?",Façade Grant
https://downtownpittsburgh.com/do-business/paris-to-pittsburgh,What is the name of the Senior Director of Urban Design at the Pittsburgh Downtown Partnership?,Bruce Chan
https://carnegiemuseums.org/carnegie-magazine/winter-2024/opening-up-the-world-for-others,What is the name of the Carnegie Museum of Art's program that offers free programming and memberships for refugee families?,Neighborhood Museum
https://carnegiemuseums.org/carnegie-magazine/winter-2024/opening-up-the-world-for-others,Who was the first person to be interviewed for Carnegie Magazine's Face Time Q&A section?,Bob Fierst
https://carnegiemuseums.org/carnegie-magazine/winter-2024/opening-up-the-world-for-others,In what year will the Museum of Natural History's Egypt on the Nile exhibition open?,2026
https://carnegiemuseums.org/carnegie-magazine/winter-2024/opening-up-the-world-for-others,What is the name of the philanthropic giving circle that Bob Fierst is a part of at Carnegie Museums?,Patrons Circle
https://carnegiemuseums.org/carnegie-magazine/winter-2024/opening-up-the-world-for-others,At what age did Bob Fierst first visit Carnegie Museum of Natural History with his grandfather?,5 years old
https://bananasplitfest.com,What is the official dessert of Pennsylvania?,The banana split
https://bananasplitfest.com,Where was the banana split invented in 1904?,Latrobe
https://bananasplitfest.com,What is the name of the event that celebrates the banana split in Latrobe?,The Great American Banana Split Celebration
https://bananasplitfest.com,How many years has the Great American Banana Split Celebration been held in Latrobe?,10
https://bananasplitfest.com,What is the name of the festival that takes place at Carnegie Mellon University?,The Great American Banana Split Celebration
https://www.hydrol-earth-syst-sci.net/11/1633/2007/hess-11-1633-2007.html,What is the name of the university that is located in Pittsburgh?,Carnegie Mellon University
https://www.hydrol-earth-syst-sci.net/11/1633/2007/hess-11-1633-2007.html,What is the name of the famous professor at Carnegie Mellon University who co-founded Duolingo?,Luis von Ahn
https://www.hydrol-earth-syst-sci.net/11/1633/2007/hess-11-1633-2007.html,What is the name of the famous landmark in Pittsburgh that is located near Carnegie Mellon University?,Point State Park
https://www.pghcitypaper.com/pittsburgh/the-all-new-rhythm-of-the-dance-show-is-a-two-hour-dance-show-with-large-cast-of-step-dancers-and-music-extravaganza-of-irish-singers-coming/Event?oid=27513349,What is the name of the Irish dance show coming to Pittsburgh?,The All-New “Rhythm of the Dance” Show
https://www.pghcitypaper.com/pittsburgh/the-all-new-rhythm-of-the-dance-show-is-a-two-hour-dance-show-with-large-cast-of-step-dancers-and-music-extravaganza-of-irish-singers-coming/Event?oid=27513349,Where is the Palace Theatre located?,"21 W. Otterman, Greensburg, PA 15601"
https://www.pghcitypaper.com/pittsburgh/the-all-new-rhythm-of-the-dance-show-is-a-two-hour-dance-show-with-large-cast-of-step-dancers-and-music-extravaganza-of-irish-singers-coming/Event?oid=27513349,What is the name of the production company presenting the Irish dance show?,Latshaw Productions
https://www.pghcitypaper.com/pittsburgh/the-all-new-rhythm-of-the-dance-show-is-a-two-hour-dance-show-with-large-cast-of-step-dancers-and-music-extravaganza-of-irish-singers-coming/Event?oid=27513349,What is the name of the theater where the Irish dance show will take place?,The Palace Theatre
https://www.pghcitypaper.com/pittsburgh/the-all-new-rhythm-of-the-dance-show-is-a-two-hour-dance-show-with-large-cast-of-step-dancers-and-music-extravaganza-of-irish-singers-coming/Event?oid=27513349,When is the Irish dance show scheduled to take place in Pittsburgh?,"March 23rd, 2025"
https://web.archive.org/web/20120401112817/http://www.emporis.com/building/us-steel-tower-pittsburgh-pa-usa,What is the name of the first building to use liquid-fireproofed columns?,U.S. Steel Tower
https://web.archive.org/web/20120401112817/http://www.emporis.com/building/us-steel-tower-pittsburgh-pa-usa,What year was the U.S. Steel Tower completed?,1970
https://web.archive.org/web/20120401112817/http://www.emporis.com/building/us-steel-tower-pittsburgh-pa-usa,In what year did the completion of One Liberty Place in Philadelphia surpass the U.S. Steel Tower as the tallest building in Pennsylvania?,1987
https://web.archive.org/web/20120401112817/http://www.emporis.com/building/us-steel-tower-pittsburgh-pa-usa,"What is the name of the famous plaza available to the public in Pittsburgh, located near the U.S. Steel Tower?",Plaza
https://web.archive.org/web/20120401112817/http://www.emporis.com/building/us-steel-tower-pittsburgh-pa-usa,What is the height of the U.S. Steel Tower in feet?,841 ft
https://bananasplitfest.com/events/5k-banana-run,What is the name of the city in Pennsylvania where the 5K Banana Run takes place?,Latrobe
https://bananasplitfest.com/events/5k-banana-run,What is the name of the event that is held in Pittsburgh to celebrate the banana split?,Great American Banana Split Celebration
https://bananasplitfest.com/events/5k-banana-run,What is the name of the university that is known for its robotics program and is located in Pittsburgh?,Carnegie Mellon University
https://bananasplitfest.com/events/5k-banana-run,"Who is the founder of Duolingo, an AI-powered language-learning platform, and a professor at Carnegie Mellon University?",Luis von Ahn
https://bananasplitfest.com/events/5k-banana-run,What is the name of the festival in Latrobe that features the 5K Banana Run?,Banana Split Festival
https://www.pittsburghpa.gov/safety/public-safety/violence-prevention,What is the name of the City of Pittsburgh's Violence Prevention Office?,STOP the Violence Office
https://www.pittsburghpa.gov/safety/public-safety/violence-prevention,What is the name of the Pittsburgh Plan for Peace initiative announced by Mayor Gainey in 2022?,Pittsburgh Plan for Peace
https://www.pittsburghpa.gov/safety/public-safety/violence-prevention,Which organization received funding from the City of Pittsburgh's STOP the Violence Trust Fund?,Trade Institute of Pittsburgh
https://www.pittsburghpa.gov/safety/public-safety/violence-prevention,What is the name of the program that connects anti-violence activities sponsored by the City of Pittsburgh with other governmental and private anti-violence activities?,Group Violence Intervention (GVI)
https://www.pittsburghpa.gov/safety/public-safety/violence-prevention,What is the name of the email address used by the City of Pittsburgh's STOP the Violence Office to receive non-emergency situations involving potential violence?,StopTheViolence@PittsburghPA.Gov
https://www.pghcitypaper.com/pittsburgh/trapt-full-band-acoustic-tour/Event?oid=27541538,What is the name of the university that hosts the School of Computer Science?,Carnegie Mellon University
https://www.pghcitypaper.com/pittsburgh/trapt-full-band-acoustic-tour/Event?oid=27541538,In what year did the protest against Musk and Trump take place?,2025
https://www.pghcitypaper.com/pittsburgh/trapt-full-band-acoustic-tour/Event?oid=27541538,What is the name of the winery that hosts the Trapt - Full Band Acoustic Tour?,The Forge Urban Winery
https://www.pghcitypaper.com/pittsburgh/trapt-full-band-acoustic-tour/Event?oid=27541538,Who is the host of the podcast 'Pillow Talk with Jessie Sage'?,Jessie Sage
https://www.pghcitypaper.com/pittsburgh/trapt-full-band-acoustic-tour/Event?oid=27541538,What is the name of the local coffee shop near The Forge Urban Winery?,Steel Valley Roasters
https://www.steelers.com/tickets/season-tickets-waiting-list,What is the name of the Pittsburgh Steelers' season ticket holder program?,Season Ticket Holders
https://www.steelers.com/tickets/season-tickets-waiting-list,How many seats can a season ticket holder purchase with their wait list offer?,Four
https://www.steelers.com/tickets/season-tickets-waiting-list,What is the price of a seat license for the 500-level licensed seating in Acrisure Stadium?,"$1,250"
https://www.steelers.com/tickets/season-tickets-waiting-list,What is the difference between a licensed and an unlicensed seat in Acrisure Stadium?,"A licensed seat allows the account holder to resell or transfer seat license ownership of seats, while an unlicensed seat does not."
https://fred.stlouisfed.org/series/rgmp38300,What is the name of the economic data source used in the provided document?,FRED
https://fred.stlouisfed.org/series/rgmp38300,What is the name of the organization that provides the economic data in the document?,Federal Reserve Bank of St. Louis
https://fred.stlouisfed.org/series/rgmp38300,What is the name of the city for which the Total Real Gross Domestic Product is reported in the document?,Pittsburgh
https://fred.stlouisfed.org/series/rgmp38300,What is the name of the university that is a significant part of the Pittsburgh area?,Carnegie Mellon University
https://fred.stlouisfed.org/series/rgmp38300,What is the name of the economic indicator that is reported for Pittsburgh in the document?,Total Real Gross Domestic Product
https://www.pghcitypaper.com/category/infrastructure-22045766,What is the name of the festival held in Point State Park?,The Point State Park fountain
https://www.pghcitypaper.com/category/infrastructure-22045766,How many public swimming pools will Pittsburgh open on June 15?,15
https://www.pghcitypaper.com/category/infrastructure-22045766,What is the name of the organization that has an ambitious vision for expanded transit service in Pittsburgh?,Pittsburghers for Public Transit
https://www.pghcitypaper.com/category/infrastructure-22045766,Who is the mayor of Pittsburgh that calls out MAGA donations?,Ed Gainey
https://www.pghcitypaper.com/category/infrastructure-22045766,What is the name of the comedy show hosted by Arcade Comedy Theater on March 6?,PPWP Benefit Comedy Show
https://www.pittsburghpa.gov/resident-services/ada-disability-rights/faqs,Which university in Pittsburgh is known for its computer science program?,Carnegie Mellon University
https://www.pittsburghpa.gov/resident-services/ada-disability-rights/faqs,What is the name of the famous museum in Pittsburgh that was founded by Andrew Carnegie?,Carnegie Museum of Natural History
https://www.pittsburghpa.gov/resident-services/ada-disability-rights/faqs,What is the name of the street in Pittsburgh that is known for its vibrant nightlife?,South Side
https://sports.bluesombrero.com/default.aspx?tabid=521554,What is the name of the football stadium in Pittsburgh where the Steelers play?,Acrisure Stadium
https://sports.bluesombrero.com/default.aspx?tabid=521554,What is the name of the non-contact football camp for boys and girls aged 6-14 held by the Pittsburgh Steelers?,Steelers Youth Football Camp
https://sports.bluesombrero.com/default.aspx?tabid=521554,What is the cost of the Steelers Youth Football Camp?,$192 plus a non-refundable $3 processing fee
https://sports.bluesombrero.com/default.aspx?tabid=521554,How many current/former Steelers players are expected to be present at each camp?,Between 4-6
https://sports.bluesombrero.com/default.aspx?tabid=521554,"What is the name of the university that is home to the UPMC Rooney Sports Complex, where the Steelers Youth Football Camp is based?",Carnegie Mellon University
https://www.pittsburghpa.gov/safety/fire/bureau-of-fire-contacts,"What is the name of the University that is located in Pittsburgh, PA?",Carnegie Mellon University
https://www.pittsburghpa.gov/safety/fire/bureau-of-fire-contacts,"What is the name of the Fire Chief of Pittsburgh, PA?",Darryl E. Jones
https://www.pittsburghpa.gov/safety/fire/bureau-of-fire-contacts,"What is the name of the street where the Bureau of Fire Headquarters is located in Pittsburgh, PA?",Railroad Street
https://www.pittsburghpa.gov/safety/fire/bureau-of-fire-contacts,"What is the name of the city that hosts the City of Pittsburgh, PA?",Pittsburgh
https://www.pittsburghpa.gov/safety/fire/bureau-of-fire-contacts,"What is the name of the city that is home to the City-County Building in Pittsburgh, PA?",Pittsburgh
https://www.mlb.com/angels,What is the name of the famous university in Pittsburgh?,Carnegie Mellon University
https://www.mlb.com/angels,What is the name of the famous comedy tour in Pittsburgh?,Burgh Bus
https://www.mlb.com/angels,Who is the famous AI professor at Carnegie Mellon University that co-founded Duolingo?,Luis von Ahn
